{
  "v1_scores": {
    "faithfulness": 0.8673469387755102,
    "answer_relevancy": 0.8326937250140531,
    "context_recall": 0.7566666666666666,
    "context_precision": 0.8666666665845
  },
  "v2_scores": {
    "faithfulness": 0.6187256077256077,
    "answer_relevancy": 0.7588788591460494,
    "context_recall": 0.7366666666666666,
    "context_precision": 0.9066666665804999
  },
  "comparison": {
    "faithfulness": "v1",
    "answer_relevancy": "v1",
    "context_recall": "v1",
    "context_precision": "v2"
  },
  "target_met": true
}